dataset,fold,instance_idx,instance_id,selector_mode,instances_seen,initial_size,final_size,oracle_calls,wall_s,steps_add,steps_rem,buf_add,buf_rem,rem_n,rem_pos_rate,rem_logloss,rem_logloss_base,rem_skill,rem_auc,rem_brier,rem_successes,rem_tries_mean,rem_tries_median,rem_rank_adv,add_n,add_pos_rate,add_logloss,add_logloss_base,add_skill,add_auc,add_brier,add_successes,add_tries_mean,add_tries_median,add_rank_adv,rem_bce_ema,add_bce_ema,rem_listwise_ema,add_listwise_ema,rem_grad_norm_ema,add_grad_norm_ema,rem_update_norm_ema,add_update_norm_ema,rem_head_std,add_head_std,rem_dormant,add_dormant,calls_remove,calls_swap,calls_add,succ_remove,succ_swap,succ_add,accepted_block_mean,accepted_block_max,retries
Synthie-2703e12cc033a6e1b64e835e11da25e3,0,1,19,learned,1,224,1,224,1.3,0,11,0,18,32,0.34069,0.90763,0.64149,-0.41488,0.28986,0.30195,9,3.5556,1,0.057701,0,,,,,,,0,,,,1.2494,,4.1726,,7.9468,,0.085259,,0.60821,,,,224,0,0,9,0,0,24.778,64,0
Synthie-2703e12cc033a6e1b64e835e11da25e3,0,2,41,learned,2,224,1,31,0.27,0,21,0,27,9,0.92461,0.47657,0.26736,-0.78249,0.25,0.12149,8,1.125,1,0.1148,0,,,,,,,0,,,,0.68667,,0.98783,,4.6569,,0.062203,,0.43677,,,,31,0,0,8,0,0,27.875,96,0
Synthie-2703e12cc033a6e1b64e835e11da25e3,0,3,91,learned,3,228,4,5310,37.61,161,52,162,174,523,0.086834,0.81107,0.29515,-1.748,0.56576,0.25843,13,19,15,-0.13886,490,0.060709,0.34688,0.22891,-0.51532,0.5123,0.052199,2,11,13,-0.04528,0.68607,0.32604,2.577,2.4609,3.8692,0.24654,0.038082,0.06689,0.18589,0.27564,,,1881,1770,1659,12,1,1,12.083,36,9
Synthie-2703e12cc033a6e1b64e835e11da25e3,0,4,95,learned,4,220,3,490,2.74,165,70,162,221,70,0.25725,0.79253,0.57016,-0.39001,0.70262,0.22511,11,4,1,0.12648,1,1,1.6895,1e-06,,,0.66485,1,1,1,,0.66191,,2.8015,,2.3144,,0.040299,,0.18809,0.2703,,,483,7,0,10,1,0,10.7,32,12
Synthie-2703e12cc033a6e1b64e835e11da25e3,0,5,99,learned,5,233,1,17,0.27,165,79,162,230,8,1,0.54401,1e-06,,,0.17647,8,1,1,0.11165,0,,,,,,,0,,,,0.64044,,,,1.2117,,0.041419,,0.22104,,,,17,0,0,8,0,0,29,105,0
Synthie-2703e12cc033a6e1b64e835e11da25e3,0,6,106,learned,6,155,6,10007,125.69,391,127,383,522,977,0.030942,0.64784,0.138,-3.6944,0.66502,0.21471,13,23.923,25,0.093875,1078,0.013401,0.23246,0.071099,-2.2695,0.36505,0.04587,6,11.167,3,0.10795,0.53361,0.24551,3.1046,1.2364,1.8505,0.41391,0.041122,0.064486,0.14476,0.31323,,,2497,4264,3246,12,1,5,10.25,58,4
Synthie-2703e12cc033a6e1b64e835e11da25e3,0,7,128,learned,7,148,1,16,0.29,395,136,383,531,8,1,0.52433,1e-06,,,0.16695,8,1,1,0.076238,0,,,,,,,0,,,,0.50457,,,,1.1463,,0.040137,,0.22807,,,,16,0,0,8,0,0,18.375,64,0
Synthie-2703e12cc033a6e1b64e835e11da25e3,0,8,139,learned,8,227,3,651,3.97,395,155,383,583,93,0.21528,0.82935,0.52087,-0.59224,0.37353,0.22014,8,8.5,7,-0.078213,15,0.30406,0.64616,0.61427,-0.051926,0.57143,0.058232,1,15,15,,0.59375,,2.4286,,5.5863,,0.035296,,0.24529,0.30004,,,546,105,0,7,1,0,15.857,56,12
Synthie-2703e12cc033a6e1b64e835e11da25e3,0,9,143,learned,9,231,1,23,0.43,395,164,383,592,8,1,0.62247,1e-06,,,0.21454,8,1,1,0.010714,0,,,,,,,0,,,,0.56214,,,,1.1547,,0.037352,,0.20503,,,,23,0,0,8,0,0,28.75,103,0
Synthie-2703e12cc033a6e1b64e835e11da25e3,0,10,146,learned,10,150,1,17,0.32,395,173,383,601,8,1,0.53888,1e-06,,,0.17439,8,1,1,0.08313,0,,,,,,,0,,,,0.54918,,,,1.1279,,0.041078,,0.18979,,,,17,0,0,8,0,0,18.625,64,0
Synthie-2703e12cc033a6e1b64e835e11da25e3,0,11,152,learned,11,145,1,16,0.26,395,182,383,610,8,1,0.58583,1e-06,,,0.19683,8,1,1,-0.038656,0,,,,,,,0,,,,0.53758,,,,1.0517,,0.042472,,0.20299,,,,16,0,0,8,0,0,18,64,0
Synthie-2703e12cc033a6e1b64e835e11da25e3,0,12,158,learned,12,146,1,16,0.26,395,191,383,619,8,1,0.49309,1e-06,,,0.15207,8,1,1,0.068486,0,,,,,,,0,,,,0.52887,,,,1.207,,0.040881,,0.20606,,,,16,0,0,8,0,0,18.125,64,0
Synthie-2703e12cc033a6e1b64e835e11da25e3,0,13,178,learned,13,147,6,10004,96.05,588,240,561,912,1029,0.053091,0.40961,0.20752,-0.97386,0.85398,0.093633,15,25,29,0.1367,967,0.022032,0.38074,0.10585,-2.5972,0.60962,0.10075,8,13.875,9,0.42482,0.52137,0.27444,2.3025,7.6829,2.7697,0.80354,0.036556,0.061193,0.17838,0.34828,0,0,3271,3905,2828,14,1,7,4.7143,18,2
Synthie-2703e12cc033a6e1b64e835e11da25e3,0,14,192,learned,14,143,1,1389,21.38,620,264,588,958,155,0.19834,0.72177,0.4981,-0.44905,0.51166,0.17266,12,8.0833,2,-0.086986,128,0.13357,0.46588,0.39312,-0.18507,0.73228,0.049786,1,32,32,,0.53333,0.30059,1.789,,5.1558,0.75742,0.035896,0.068217,0.20417,0.31939,,,497,556,336,11,1,0,12.727,64,1
Synthie-2703e12cc033a6e1b64e835e11da25e3,0,15,195,learned,15,232,1,107,1.72,624,275,588,970,17,0.6276,0.66927,0.66022,-0.013704,0.5,0.13098,8,2.125,1,-0.024464,0,,,,,,,0,,,,0.54754,,0.74322,,3.9218,,0.035146,,0.15707,,,,107,0,0,8,0,0,28.875,104,0
Synthie-2703e12cc033a6e1b64e835e11da25e3,0,16,210,learned,16,149,1,189,2.35,624,286,588,1001,31,0.25011,0.82803,0.56245,-0.47219,0.27381,0.30059,7,1.2857,1,0.013515,1,1,2.2826,1e-06,,,0.80637,1,1,1,,0.61086,,0.65834,,2.0909,,0.036104,,0.16188,0.31199,,,186,3,0,6,1,0,12.333,32,0
Synthie-2703e12cc033a6e1b64e835e11da25e3,0,17,211,learned,17,234,1,16,0.58,624,295,588,1010,8,1,0.60854,1e-06,,,0.20811,8,1,1,-0.0032253,0,,,,,,,0,,,,0.56954,,,,1.0333,,0.035385,,0.16203,,,,16,0,0,8,0,0,29.125,106,0
Synthie-2703e12cc033a6e1b64e835e11da25e3,0,18,212,learned,18,151,2,1398,11.28,637,316,598,1090,187,0.1155,0.60473,0.35786,-0.68985,0.61582,0.16665,10,11.5,12,0.15428,92,0.048943,0.32423,0.19539,-0.6594,0.57778,0.063047,2,28,37,0.13329,0.65776,0.32005,1.991,6.2465,5.0121,2.3279,0.033333,0.10097,0.12251,0.30441,,,762,507,129,9,1,1,8.2222,26,9
Synthie-2703e12cc033a6e1b64e835e11da25e3,0,19,214,learned,19,140,18,10001,77.95,781,375,738,1415,1046,0.063218,0.53703,0.23573,-1.2781,0.737,0.14335,19,28.211,31,0.10639,886,0.0047624,0.26703,0.030215,-7.8376,0.63955,0.058398,1,55,55,,0.56018,0.24283,2.9651,,2.9308,0.76378,0.028916,0.053446,0.13685,0.32047,,,3805,3403,2793,18,1,0,5.2778,25,5
Synthie-2703e12cc033a6e1b64e835e11da25e3,0,20,215,learned,20,231,1,321,4.27,785,386,738,1446,47,0.30325,0.74719,0.6136,-0.21772,0.40952,0.13364,5,5.2,2,-0.0044549,17,0.24739,0.6553,0.55945,-0.17132,0.6875,0.088781,1,17,17,,0.67081,,1.6441,,4.9431,,0.031299,,0.15384,0.29378,,,202,119,0,4,1,0,51,96,0
Synthie-2703e12cc033a6e1b64e835e11da25e3,0,21,220,learned,21,155,1,412,6.98,785,392,739,1475,60,0.087691,0.7743,0.29716,-1.6056,0.26316,0.26074,3,13,1,-0.020833,37,0.086839,0.43675,0.29516,-0.47968,0.63889,0.086704,1,37,37,,0.69312,,,,1.4672,,0.033049,,0.182,0.32223,,,157,255,0,2,1,0,38.5,51,0
Synthie-2703e12cc033a6e1b64e835e11da25e3,0,22,239,learned,22,227,1,16,1.05,789,401,739,1484,8,1,0.55982,1e-06,,,0.18403,8,1,1,0.21681,0,,,,,,,0,,,,0.62194,,,,1.0681,,0.042786,,0.1679,,0,,16,0,0,8,0,0,28.25,99,0
Synthie-2703e12cc033a6e1b64e835e11da25e3,0,23,242,learned,23,155,1,16,3.06,789,410,739,1493,8,1,0.56923,1e-06,,,0.18874,8,1,1,0.119,0,,,,,,,0,,,,0.61342,,,,1.4071,,0.03917,,0.17189,,,,16,0,0,8,0,0,19.25,64,0
Synthie-2703e12cc033a6e1b64e835e11da25e3,0,24,252,learned,24,145,1,175,1.81,789,421,739,1523,29,0.25486,0.76214,0.56761,-0.34271,0.45455,0.27529,7,1.1429,1,0.060541,1,1,1.8931,1e-06,,,0.72147,1,1,1,,0.6432,,1.2764,,2.3831,,0.035598,,0.19153,0.31164,,,172,3,0,6,1,0,12,32,0
Synthie-2703e12cc033a6e1b64e835e11da25e3,0,25,253,learned,25,223,1,26,0.94,789,431,739,1532,9,0.93238,0.57731,0.24744,-1.3331,0.875,0.1677,8,1.125,1,0.10036,0,,,,,,,0,,,,0.6115,,0.37724,,2.2731,,0.033732,,0.18831,,,,26,0,0,8,0,0,27.75,95,0
Synthie-2703e12cc033a6e1b64e835e11da25e3,0,26,254,learned,26,147,1,15,0.85,789,440,739,1541,8,1,0.5673,1e-06,,,0.18801,8,1,1,0.13981,0,,,,,,,0,,,,0.61182,,,,1.2961,,0.033242,,0.20681,,,,15,0,0,8,0,0,18.25,64,0
Synthie-2703e12cc033a6e1b64e835e11da25e3,0,27,261,learned,27,234,11,10002,74.16,989,488,941,1790,934,0.088239,0.60159,0.29844,-1.0157,0.47052,0.15353,16,18.188,16,-0.038198,1067,0.018674,0.24595,0.092834,-1.6494,0.49765,0.039739,2,13.5,26,,0.67923,0.27749,2.4051,,4.5129,0.78649,0.029265,0.046212,0.14182,0.29457,,,2541,3933,3528,14,2,0,7.4286,32,9
Synthie-2703e12cc033a6e1b64e835e11da25e3,0,28,263,learned,28,225,1,252,1.33,993,499,941,1823,36,0.44716,0.7256,0.68755,-0.055344,0.51724,0.096425,7,1.8571,1,0.11505,4,0.49301,0.70957,0.69305,,1,0.092144,1,4,4,,0.6907,,1.2639,,2.1509,,0.02825,,0.19263,0.29563,,,224,28,0,6,1,0,20.833,63,0
Synthie-2703e12cc033a6e1b64e835e11da25e3,0,29,267,learned,29,234,2,913,8.56,993,516,941,1873,131,0.086848,0.72874,0.29519,-1.4688,0.34858,0.24639,8,13.5,3,-0.061888,63,0.043227,0.3927,0.17807,-1.2053,0.16129,0.087026,1,63,63,,0.76358,,2.1448,,7.018,,0.032976,,0.16062,0.27816,,,472,441,0,7,1,0,16.429,62,8
Synthie-2703e12cc033a6e1b64e835e11da25e3,0,30,279,learned,30,232,1,34,0.94,993,526,941,1882,10,0.84616,0.62165,0.42931,-0.44803,0.3125,0.18421,8,1.25,1,0.05918,0,,,,,,,0,,,,0.69362,,1.9018,,4.8016,,0.028142,,0.17627,,,,34,0,0,8,0,0,28.875,104,0
Synthie-2703e12cc033a6e1b64e835e11da25e3,0,31,312,learned,31,151,1,22,0.75,993,535,941,1891,8,1,0.64693,1e-06,,,0.22701,8,1,1,0.076727,0,,,,,,,0,,,,0.69112,,,,1.5477,,0.036253,,0.15223,,,,22,0,0,8,0,0,18.75,64,0
Synthie-2703e12cc033a6e1b64e835e11da25e3,0,32,315,learned,32,237,1,15,0.67,993,544,941,1900,8,1,0.60301,1e-06,,,0.20533,8,1,1,0.068979,0,,,,,,,0,,,,0.67164,,,,1.355,,0.038411,,0.19118,,,,15,0,0,8,0,0,29.5,109,0
Synthie-2703e12cc033a6e1b64e835e11da25e3,0,33,342,learned,33,153,1,31,0.9,993,554,941,1909,9,0.88889,0.62025,0.34883,-0.77811,0.375,0.21433,8,1.125,1,0.13778,0,,,,,,,0,,,,0.66581,,2.3005,,3.9626,,0.034733,,0.18626,,,,31,0,0,8,0,0,19,64,0
Synthie-2703e12cc033a6e1b64e835e11da25e3,0,34,347,learned,34,227,1,42,1,993,565,941,1921,11,0.81185,0.62118,0.48353,-0.28469,0.54167,0.16001,8,1.375,1,0.069056,0,,,,,,,0,,,,0.67855,,2.1529,,10.09,,0.033499,,0.19145,,,,42,0,0,8,0,0,28.25,99,0
Synthie-2703e12cc033a6e1b64e835e11da25e3,0,35,351,learned,35,233,1,35,0.81,993,575,941,1930,9,0.89652,0.6074,0.33267,-0.82585,1,0.20051,8,1.125,1,0.075142,0,,,,,,,0,,,,0.66781,,0.73909,,3.5899,,0.028881,,0.15886,,,,35,0,0,8,0,0,29,105,0
Synthie-2703e12cc033a6e1b64e835e11da25e3,0,36,360,learned,36,154,2,245,5,993,592,941,1953,42,0.35366,0.62817,0.64968,0.033103,0.68889,0.16522,12,3.5,1,0.015356,0,,,,,,,0,,,,0.74884,,4.7874,,8.3098,,0.030178,,0.22728,,,,245,0,0,12,0,0,12.667,64,8
Synthie-2703e12cc033a6e1b64e835e11da25e3,0,37,366,learned,37,154,1,16,0.82,993,601,941,1962,8,1,0.61032,1e-06,,,0.20877,8,1,1,0.10745,0,,,,,,,0,,,,0.7065,,,,2.4599,,0.025765,,0.18578,,0,,16,0,0,8,0,0,19.125,64,0
Synthie-2703e12cc033a6e1b64e835e11da25e3,0,38,382,learned,38,146,1,16,0.96,993,610,941,1971,8,1,0.59626,1e-06,,,0.20229,8,1,1,0.13705,0,,,,,,,0,,,,0.71045,,,,2.5258,,0.027695,,0.19441,,,,16,0,0,8,0,0,18.125,64,0
Synthie-2703e12cc033a6e1b64e835e11da25e3,0,39,387,learned,39,234,1,17,1.07,993,619,941,1980,8,1,0.5953,1e-06,,,0.20163,8,1,1,0.06477,0,,,,,,,0,,,,0.70595,,,,1.4496,,0.033771,,0.20036,,,,17,0,0,8,0,0,29.125,106,0
Synthie-2703e12cc033a6e1b64e835e11da25e3,0,40,396,learned,40,147,1,400,6.51,993,637,942,2000,64,0.2749,0.65405,0.58807,-0.11221,0.64984,0.16357,12,5,3,0.0059222,16,0.13943,0.51123,0.40393,-0.26564,1,0.10428,1,16,16,,0.80064,,4.0928,,12.024,,0.029643,,0.32083,0.24959,,,292,108,0,11,1,0,13.091,64,0
Synthie-2703e12cc033a6e1b64e835e11da25e3,1,1,4,learned,41,153,5,10006,73.79,1395,683,1330,2000,918,0.048795,0.3965,0.19495,-1.0338,0.80917,0.088587,16,14.938,20,0.059815,1123,0.0261,0.36868,0.12091,-2.0491,0.35765,0.088643,7,8.2857,3,0.025977,0.81745,0.25521,2.2983,3.3595,4.4027,0.5577,0.028994,0.059656,0.19191,0.30197,,,2173,4189,3644,15,1,6,4.6667,16,7
Synthie-2703e12cc033a6e1b64e835e11da25e3,1,2,12,learned,42,145,1,18,0.96,1399,692,1330,2000,8,1,0.64105,1e-06,,,0.22414,8,1,1,0.094559,0,,,,,,,0,,,,0.86929,,,,3.5407,,0.028484,,0.19195,,,,18,0,0,8,0,0,18,64,0
Synthie-2703e12cc033a6e1b64e835e11da25e3,1,3,38,learned,43,155,1,478,9.41,1399,700,1330,2000,70,0.052749,0.79878,0.20653,-2.8676,0.15423,0.29274,3,15.333,5,-0.12019,40,0.034342,0.29816,0.14953,-0.99406,0.53846,0.064137,1,40,40,,0.89739,,3.4274,,5.3494,,0.033251,,0.1588,0.25677,,,202,276,0,2,1,0,38.5,51,0
Synthie-2703e12cc033a6e1b64e835e11da25e3,1,4,46,learned,44,146,1,243,3.93,1399,712,1330,2000,39,0.20985,0.6087,0.51376,-0.1848,0.52679,0.18539,7,2.2857,1,0.013135,8,0.228,0.51772,0.53685,0.035641,0.85714,0.091432,1,8,8,,0.84784,,2.014,,3.7902,,0.037683,,0.18084,0.25934,,,191,52,0,6,1,0,12,32,0
Synthie-2703e12cc033a6e1b64e835e11da25e3,1,5,51,learned,45,227,1,1334,22.65,1412,739,1340,2000,172,0.22249,0.61818,0.53004,-0.16628,0.80552,0.10741,15,8.2,2,0.048095,59,0.20328,0.53875,0.50492,-0.066996,0.32759,0.034522,1,23,23,0.20705,0.90311,0.30361,2.0551,5.7803,8.3943,1.8822,0.029619,0.086566,0.24905,0.25893,,0,922,252,160,15,0,1,15.067,64,0
Synthie-2703e12cc033a6e1b64e835e11da25e3,1,6,67,learned,46,237,1,22,0.44,1412,748,1340,2000,8,1,0.6656,1e-06,,,0.23639,8,1,1,0.060101,0,,,,,,,0,,,,0.86665,,,,1.866,,0.03168,,0.15476,,,,22,0,0,8,0,0,29.5,109,0
Synthie-2703e12cc033a6e1b64e835e11da25e3,1,7,79,learned,47,217,1,217,3.45,1412,758,1340,2000,31,0.2296,0.7096,0.53879,-0.31702,0.47024,0.25437,7,1,1,-0.0068229,1,1,0.85928,1e-06,,,0.33239,1,1,1,,0.86999,,,,1.4353,,0.037607,,0.16471,0.2359,,,210,7,0,6,1,0,18,46,0
Synthie-2703e12cc033a6e1b64e835e11da25e3,1,8,88,learned,48,151,7,10005,71.31,1601,809,1519,2000,1003,0.041859,0.399,0.17381,-1.2956,0.84379,0.09452,15,24.467,25,0.089912,958,0.014638,0.3681,0.076365,-3.8203,0.59926,0.098766,6,23.667,26,0.31475,0.78322,0.30668,2.2614,5.5339,3.306,1.0428,0.029523,0.053927,0.17204,0.28306,,,3334,3621,3050,14,1,5,5.6429,22,2
Synthie-2703e12cc033a6e1b64e835e11da25e3,1,9,97,learned,49,232,2,385,2.25,1605,833,1519,2000,55,0.34832,0.65962,0.6464,-0.020444,0.65331,0.15553,14,3.9286,2,0.06653,0,,,,,,,0,,,,0.84524,,1.2505,,8.9226,,0.028483,,0.2459,,,,385,0,0,14,0,0,16.429,64,8
Synthie-2703e12cc033a6e1b64e835e11da25e3,1,10,104,learned,50,147,3,713,6.15,1605,847,1520,2000,106,0.14117,0.62758,0.40708,-0.54165,0.50361,0.16421,7,9.8571,3,0.111,34,0.09865,0.50449,0.32211,-0.56621,0.51562,0.13609,2,17,31,,0.88486,,0.96997,,5.5289,,0.029809,,0.20597,0.28013,,,483,230,0,5,2,0,13.8,36,12
Synthie-2703e12cc033a6e1b64e835e11da25e3,1,11,110,learned,51,156,2,777,5.54,1614,862,1525,2000,111,0.1347,0.63219,0.39522,-0.59961,0.65714,0.16352,6,6.3333,5,0.083927,55,0.13966,0.44871,0.40434,-0.10975,0.58491,0.065208,2,9.5,15,0.48878,0.89051,0.3175,1.75,1.8516,7.2274,8.6519,0.032678,0.082649,0.16185,0.28788,,,400,353,24,5,1,1,14.8,40,8
Synthie-2703e12cc033a6e1b64e835e11da25e3,1,12,111,learned,52,234,1,44,1.32,1618,871,1525,2000,8,1,0.59764,1e-06,,,0.20273,8,1,1,0.15468,0,,,,,,,0,,,,0.83396,,,,1.4686,,0.033817,,0.17516,,,,44,0,0,8,0,0,29.125,106,0
Synthie-2703e12cc033a6e1b64e835e11da25e3,1,13,126,learned,53,148,1,67,1.28,1618,881,1525,2000,14,0.74419,0.67302,0.56862,-0.1836,0.72917,0.13812,8,1.75,1,0.088721,0,,,,,,,0,,,,0.84564,,2.3156,,3.9758,,0.033172,,0.24164,,,,67,0,0,8,0,0,18.375,64,0
Synthie-2703e12cc033a6e1b64e835e11da25e3,1,14,157,learned,54,234,1,16,0.83,1618,890,1525,2000,8,1,0.62546,1e-06,,,0.21705,8,1,1,0.090566,0,,,,,,,0,,,,0.83424,,,,1.4728,,0.035666,,0.16878,,,,16,0,0,8,0,0,29.125,106,0
Synthie-2703e12cc033a6e1b64e835e11da25e3,1,15,159,learned,55,225,1,19,0.78,1618,899,1525,2000,8,1,0.67345,1e-06,,,0.2403,8,1,1,0.096723,0,,,,,,,0,,,,0.83215,,,,1.5027,,0.037054,,0.15087,,,,19,0,0,8,0,0,28,97,0
Synthie-2703e12cc033a6e1b64e835e11da25e3,1,16,168,learned,56,147,3,642,14.14,1635,916,1540,2000,74,0.33478,0.6164,0.63751,0.033116,0.81241,0.081583,11,3.4545,1,-0.0033622,46,0.21064,0.56738,0.5148,-0.10213,0.62222,0.056374,1,22,22,0.31134,0.87724,0.38309,1.6571,4.3181,9.7885,1.467,0.031438,0.090332,0.13768,0.23652,,,320,168,154,11,0,1,13.091,64,13
Synthie-2703e12cc033a6e1b64e835e11da25e3,1,17,174,learned,57,150,1,17,0.9,1639,925,1540,2000,8,1,0.56094,1e-06,,,0.185,8,1,1,0.15144,0,,,,,,,0,,,,0.84711,,,,1.9324,,0.029389,,0.17706,,,,17,0,0,8,0,0,18.625,64,0
Synthie-2703e12cc033a6e1b64e835e11da25e3,1,18,176,learned,58,148,6,10005,88.09,1926,962,1805,2000,894,0.023698,0.34461,0.1121,-2.0741,0.82825,0.080939,9,21.444,22,0.039506,1187,0.014329,0.39672,0.075059,-4.2855,0.58197,0.11276,9,8.6667,4,0.37508,0.85584,0.32832,2.9024,2.8624,3.8512,1.1365,0.029452,0.057243,0.17107,0.2753,,0,1732,4490,3783,8,1,8,8.25,18,4
Synthie-2703e12cc033a6e1b64e835e11da25e3,1,19,181,learned,59,231,1,16,0.33,1930,971,1805,2000,8,1,0.57371,1e-06,,,0.19229,8,1,1,0.14499,0,,,,,,,0,,,,0.86984,,,,1.6991,,0.035191,,0.14976,,,,16,0,0,8,0,0,28.75,103,0
Synthie-2703e12cc033a6e1b64e835e11da25e3,1,20,189,learned,60,228,1,22,0.41,1930,980,1805,2000,8,1,0.67086,1e-06,,,0.23891,8,1,1,0.097709,0,,,,,,,0,,,,0.86888,,,,1.3506,,0.038232,,0.15888,,,,22,0,0,8,0,0,28.375,100,0
Synthie-2703e12cc033a6e1b64e835e11da25e3,1,21,199,learned,61,232,5,10003,132.99,2389,1021,2000,2000,864,0.036453,0.33794,0.1565,-1.1593,0.89454,0.073841,15,14.933,13,0.20253,1165,0.022526,0.21127,0.10771,-0.96138,0.50538,0.029106,4,5.75,8,0.010412,0.8498,0.26482,1.9607,2.1111,4.5064,0.60303,0.029082,0.047508,0.1768,0.29352,,,1848,4200,3955,14,1,3,7.9286,32,10
Synthie-2703e12cc033a6e1b64e835e11da25e3,1,22,226,learned,62,148,1,20,0.26,2393,1030,2000,2000,8,1,0.72076,1e-06,,,0.26355,8,1,1,0.060972,0,,,,,,,0,,,,0.8807,,,,1.7638,,0.035377,,0.1932,,,,20,0,0,8,0,0,18.375,64,0
Synthie-2703e12cc033a6e1b64e835e11da25e3,1,23,237,learned,63,227,1,70,0.54,2393,1041,2000,2000,10,0.8233,0.70606,0.46635,-0.514,0.625,0.23597,8,1.25,1,0.018067,0,,,,,,,0,,,,0.8754,,1.7009,,5.9703,,0.034231,,0.17397,,,,70,0,0,8,0,0,28.25,99,0
Synthie-2703e12cc033a6e1b64e835e11da25e3,1,24,247,learned,64,233,1,29,0.32,2393,1051,2000,2000,9,0.89141,0.64244,0.34356,-0.86995,0.625,0.22293,8,1.125,1,0.10919,0,,,,,,,0,,,,0.86267,,0.60817,,2.1688,,0.036413,,0.18013,,,,29,0,0,8,0,0,29,105,0
Synthie-2703e12cc033a6e1b64e835e11da25e3,1,25,264,learned,65,146,3,3594,22.54,2483,1075,2000,2000,359,0.097447,0.51783,0.31944,-0.62106,0.65178,0.11563,11,9.4545,13,-0.017283,345,0.047375,0.2909,0.19071,-0.52535,0.67009,0.047269,4,5.75,4,0.43901,0.91188,0.2525,2.3996,1.0684,5.6617,1.4026,0.032284,0.050675,0.23093,0.28267,,,1196,1272,1126,9,2,2,7.5556,20,13
Synthie-2703e12cc033a6e1b64e835e11da25e3,1,26,266,learned,66,145,1,16,0.27,2487,1084,2000,2000,8,1,0.63091,1e-06,,,0.21917,8,1,1,0.10356,0,,,,,,,0,,,,0.85082,,,,1.4333,,0.035173,,0.19669,,,,16,0,0,8,0,0,18,64,0
Synthie-2703e12cc033a6e1b64e835e11da25e3,1,27,280,learned,67,144,1,20,0.31,2487,1093,2000,2000,8,1,0.67798,1e-06,,,0.24241,8,1,1,0.0078611,0,,,,,,,0,,,,0.86553,,,,1.5205,,0.037204,,0.17991,,,,20,0,0,8,0,0,17.875,64,0
Synthie-2703e12cc033a6e1b64e835e11da25e3,1,28,292,learned,68,147,5,10002,67.56,2719,1138,2000,2000,970,0.039471,0.31447,0.16626,-0.89143,0.89117,0.062186,13,22,20,0.14061,1066,0.022497,0.28729,0.1076,-1.6699,0.67979,0.064354,11,13.364,5,0.40757,0.8306,0.27648,2.4755,3.5467,3.2411,1.2662,0.029646,0.059828,0.19702,0.28242,,,2584,4154,3264,12,1,10,10.667,32,2
Synthie-2703e12cc033a6e1b64e835e11da25e3,1,29,294,learned,69,144,5,10007,124.1,3011,1175,2000,2000,976,0.025141,0.25918,0.11742,-1.2073,0.91025,0.045855,8,18.625,19,0.092649,1229,0.029028,0.35867,0.13135,-1.7307,0.7186,0.09228,18,21.222,22,0.42969,0.76978,0.26493,3.8617,3.962,2.4684,1.9925,0.029838,0.047038,0.14845,0.26049,,0,1512,5272,3223,7,1,17,9.5714,26,2
Synthie-2703e12cc033a6e1b64e835e11da25e3,1,30,297,learned,70,231,1,31,0.42,3015,1185,2000,2000,9,0.91956,0.67357,0.27985,-1.4069,0.75,0.21793,8,1.125,1,0.037847,0,,,,,,,0,,,,0.83049,,0.6266,,2.9519,,0.031434,,0.16732,,,,31,0,0,8,0,0,28.75,103,0
Synthie-2703e12cc033a6e1b64e835e11da25e3,1,31,299,learned,71,231,1,34,0.39,3015,1196,2000,2000,10,0.81325,0.67274,0.48148,-0.39723,0.125,0.22745,8,1.25,1,-0.040198,0,,,,,,,0,,,,0.82348,,3.6783,,9.1183,,0.032968,,0.17118,,,,34,0,0,8,0,0,28.75,103,0
Synthie-2703e12cc033a6e1b64e835e11da25e3,1,32,301,learned,72,232,3,2401,15.46,3051,1217,2000,2000,275,0.1818,0.62466,0.47412,-0.31751,0.48496,0.10779,9,17.889,21,-0.094062,187,0.17356,0.47468,0.46149,-0.028581,0.10541,0.026606,2,21.5,25,,0.8833,0.28921,4.3297,,7.5343,0.5957,0.028977,0.058615,0.13941,0.23151,0,,1096,801,504,7,2,0,15.571,52,13
Synthie-2703e12cc033a6e1b64e835e11da25e3,1,33,304,learned,73,148,1,252,1.42,3055,1225,2000,2000,39,0.16857,0.72287,0.45362,-0.59357,0.36471,0.22658,5,3.4,1,-0.0060273,13,0.10757,0.39547,0.3414,-0.15836,0.75,0.093889,1,13,13,,0.8932,,,,1.9262,,0.032541,,0.13483,0.25832,,,166,86,0,4,1,0,31.25,64,0
Synthie-2703e12cc033a6e1b64e835e11da25e3,1,34,313,learned,74,231,1,43,0.43,3055,1235,2000,2000,9,0.94084,0.69457,0.22466,-2.0916,0.75,0.22304,8,1.125,1,0.066924,0,,,,,,,0,,,,0.87387,,1.5804,,3.2033,,0.033745,,0.15798,,,,43,0,0,8,0,0,28.75,103,0
Synthie-2703e12cc033a6e1b64e835e11da25e3,1,35,317,learned,75,237,2,413,2.22,3055,1249,2000,2000,63,0.20972,0.70564,0.51359,-0.37393,0.43622,0.18422,7,5.8571,3,0.0771,15,0.17498,0.46123,0.46369,0.0053176,0.85714,0.05231,1,15,15,,0.96204,,1.6427,,7.2769,,0.030468,,0.19758,0.25344,,,312,101,0,6,1,0,19.5,64,8
Synthie-2703e12cc033a6e1b64e835e11da25e3,1,36,319,learned,76,233,1,38,0.41,3055,1259,2000,2000,10,0.83485,0.61262,0.44811,-0.36712,0.8125,0.18527,8,1.25,1,0.15737,0,,,,,,,0,,,,0.88294,,1.2119,,2.791,,0.028893,,0.16065,,,,38,0,0,8,0,0,29,105,0
Synthie-2703e12cc033a6e1b64e835e11da25e3,1,37,328,learned,77,147,1,17,0.29,3055,1268,2000,2000,8,1,0.67602,1e-06,,,0.24142,8,1,1,0.038174,0,,,,,,,0,,,,0.86875,,,,1.8175,,0.032172,,0.15317,,,,17,0,0,8,0,0,18.25,64,0
Synthie-2703e12cc033a6e1b64e835e11da25e3,1,38,329,learned,78,240,1,18,0.33,3055,1277,2000,2000,8,1,0.62945,1e-06,,,0.2183,8,1,1,0.098656,0,,,,,,,0,,,,0.85285,,,,1.6079,,0.03512,,0.194,,,,18,0,0,8,0,0,29.875,112,0
Synthie-2703e12cc033a6e1b64e835e11da25e3,1,39,330,learned,79,154,3,2182,17.51,3080,1307,2000,2000,269,0.12327,0.55288,0.37338,-0.48073,0.61531,0.1439,17,10.941,4,-0.030226,113,0.03082,0.31838,0.13758,-1.3141,0.0089286,0.059802,1,5,5,-0.46228,0.97544,0.35482,3.1878,1.4906,11.072,1.0061,0.032047,0.087156,0.26942,0.23784,,,1395,420,367,17,0,1,8.8824,32,12
Synthie-2703e12cc033a6e1b64e835e11da25e3,1,40,373,learned,80,228,3,637,11.05,3084,1331,2000,2000,91,0.28721,0.68813,0.59964,-0.14758,0.64596,0.14153,13,4.9231,2,0.015039,9,0.45829,0.89487,0.68966,-0.29754,0.875,0.11384,1,9,9,,0.95894,,1.5616,,8.315,,0.030106,,0.19733,0.21395,,,574,63,0,12,1,0,16.667,64,12
