dataset,fold,instance_idx,instance_id,selector_mode,instances_seen,initial_size,final_size,oracle_calls,wall_s,steps_add,steps_rem,buf_add,buf_rem,rem_n,rem_pos_rate,rem_logloss,rem_logloss_base,rem_skill,rem_auc,rem_brier,rem_successes,rem_tries_mean,rem_tries_median,rem_rank_adv,add_n,add_pos_rate,add_logloss,add_logloss_base,add_skill,add_auc,add_brier,add_successes,add_tries_mean,add_tries_median,add_rank_adv,rem_bce_ema,add_bce_ema,rem_listwise_ema,add_listwise_ema,rem_grad_norm_ema,add_grad_norm_ema,rem_update_norm_ema,add_update_norm_ema,rem_head_std,add_head_std,rem_dormant,add_dormant,calls_remove,calls_swap,calls_add,succ_remove,succ_swap,succ_add,accepted_block_mean,accepted_block_max,retries,rung_stats,phase_shares,method_success
Synthie-2703e12cc033a6e1b64e835e11da25e3,0,1,19,learned,1,224,3,706,338.33,0,43,0,62,130,0.37792,1.1069,0.66304,-0.66944,0.22647,0.34523,35,3.6286,1,0.078488,0,,,,,,,0,,,,0.95779,,2.0778,,5.1194,,0.05323,,0.38625,,,,706,0,0,35,0,0,6.3143,32,12,"{""1"": [7, 10], ""2"": [7, 15], ""4"": [8, 22], ""8"": [7, 34], ""16"": [5, 34], ""32"": [1, 15]}","{""remove"": 0.722, ""swap"": 0.139, ""add"": 0.139}","[0, 0, 0, 0, 0, 0, 35]"
Synthie-2703e12cc033a6e1b64e835e11da25e3,0,2,41,learned,2,224,1,125,477.96,0,106,0,122,64,0.94032,0.39234,0.22608,-0.73544,0.48563,0.089029,58,1.1034,1,0.063817,0,,,,,,,0,,,,0.23432,,1.3378,,0.83948,,0.032241,,0.39973,,,,125,0,0,58,0,0,3.8448,4,0,"{""1"": [8, 11], ""2"": [10, 20], ""4"": [62, 80], ""8"": [7, 34], ""16"": [5, 34], ""32"": [1, 15]}","{""remove"": 0.881, ""swap"": 0.059, ""add"": 0.059}","[0, 0, 23, 0, 0, 0, 70]"
Synthie-2703e12cc033a6e1b64e835e11da25e3,0,3,91,learned,3,228,9,4481,829.11,92,260,92,492,555,0.28423,0.89287,0.5969,-0.49584,0.40869,0.26369,106,1.6604,1,0.078568,344,0.068332,0.4175,0.2493,-0.67467,0.85423,0.072545,1,14,14,,0.58832,0.23134,1.2039,,2.0684,0.085239,0.032936,0.039453,0.23536,0.2724,0,,2073,1274,1134,105,1,0,1,1,10,"{""1"": [113, 336], ""2"": [10, 44], ""4"": [62, 104], ""8"": [7, 34], ""16"": [5, 34], ""32"": [1, 15]}","{""remove"": 0.898, ""swap"": 0.051, ""add"": 0.051}","[0, 0, 23, 0, 0, 106, 70]"
Synthie-2703e12cc033a6e1b64e835e11da25e3,0,4,95,learned,4,220,3,569,38.44,92,495,92,755,262,0.86473,0.52986,0.39628,-0.33709,0.62488,0.1519,217,1.1935,1,0.14228,0,,,,,,,0,,,,0.53154,,1.3152,,3.0243,,0.029257,,0.35805,,0,,569,0,0,217,0,0,1,1,12,"{""1"": [330, 598], ""2"": [10, 44], ""4"": [62, 104], ""8"": [7, 34], ""16"": [5, 34], ""32"": [1, 15]}","{""remove"": 0.899, ""swap"": 0.051, ""add"": 0.051}","[0, 0, 23, 0, 0, 106, 287]"
Synthie-2703e12cc033a6e1b64e835e11da25e3,0,5,99,learned,5,233,1,232,76.67,92,728,92,988,232,1,0.284,1e-06,,,0.072445,232,1,1,0.18234,0,,,,,,,0,,,,0.45466,,,,2.2361,,0.024454,,0.36603,,0,,232,0,0,232,0,0,1,1,0,"{""1"": [562, 830], ""2"": [10, 44], ""4"": [62, 104], ""8"": [7, 34], ""16"": [5, 34], ""32"": [1, 15]}","{""remove"": 0.899, ""swap"": 0.05, ""add"": 0.05}","[0, 0, 23, 0, 0, 106, 519]"
Synthie-2703e12cc033a6e1b64e835e11da25e3,0,6,106,learned,6,155,155,3185,163.54,240,746,242,1162,305,0.00025304,1.22,0.0023487,,,0.44488,0,,,,300,0.0011377,0.080284,0.0088493,,,0.0077414,0,,,,0.73247,0.13181,,,2.7768,0.15233,0.037661,0.048405,0.30393,0.26773,,,1085,1050,1050,0,0,0,,0,10,"{""1"": [562, 985], ""2"": [10, 44], ""4"": [62, 104], ""8"": [7, 34], ""16"": [5, 34], ""32"": [1, 15]}","{""remove"": 0.9, ""swap"": 0.05, ""add"": 0.05}","[0, 0, 23, 0, 0, 106, 519]"
Synthie-2703e12cc033a6e1b64e835e11da25e3,0,7,128,learned,7,148,1,147,28.44,244,894,242,1310,147,1,0.30993,1e-06,,,0.083506,147,1,1,0.18036,0,,,,,,,0,,,,0.49915,,,,2.6149,,0.026327,,0.22434,,0,,147,0,0,147,0,0,1,1,0,"{""1"": [709, 1132], ""2"": [10, 44], ""4"": [62, 104], ""8"": [7, 34], ""16"": [5, 34], ""32"": [1, 15]}","{""remove"": 0.9, ""swap"": 0.05, ""add"": 0.05}","[0, 0, 23, 0, 0, 106, 666]"
Synthie-2703e12cc033a6e1b64e835e11da25e3,0,8,139,learned,8,227,4,2736,150.26,344,1145,343,1665,462,0.54328,0.58706,0.6894,0.14844,0.72711,0.14995,223,1.5157,1,0.18485,240,0.031606,0.15792,0.14028,-0.12574,,0.0056043,0,,,,0.50058,0.16007,1.6762,,8.7747,0.1627,0.031466,0.045819,0.28187,0.25005,0,,1056,840,840,223,0,0,1,1,8,"{""1"": [932, 1474], ""2"": [10, 44], ""4"": [62, 104], ""8"": [7, 34], ""16"": [5, 34], ""32"": [1, 15]}","{""remove"": 0.9, ""swap"": 0.05, ""add"": 0.05}","[0, 0, 23, 0, 0, 106, 889]"
Synthie-2703e12cc033a6e1b64e835e11da25e3,0,9,143,learned,9,231,1,413,47.15,348,1376,343,1896,230,1,0.29158,1e-06,,,0.079948,230,1,1,0.22733,0,,,,,,,0,,,,0.49613,,,,3.2899,,0.024757,,0.29935,,0,,413,0,0,230,0,0,1,1,0,"{""1"": [1162, 1704], ""2"": [10, 44], ""4"": [62, 104], ""8"": [7, 34], ""16"": [5, 34], ""32"": [1, 15]}","{""remove"": 0.9, ""swap"": 0.05, ""add"": 0.05}","[0, 0, 123, 0, 0, 106, 1019]"
Synthie-2703e12cc033a6e1b64e835e11da25e3,0,10,146,learned,10,150,1,240,32.76,348,1526,343,2000,149,1,0.25272,1e-06,,,0.063787,149,1,1,0.18643,0,,,,,,,0,,,,0.45124,,,,2.9702,,0.024352,,0.2342,,0,,240,0,0,149,0,0,1,1,0,"{""1"": [1311, 1853], ""2"": [10, 44], ""4"": [62, 104], ""8"": [7, 34], ""16"": [5, 34], ""32"": [1, 15]}","{""remove"": 0.9, ""swap"": 0.05, ""add"": 0.05}","[0, 0, 214, 0, 0, 106, 1077]"
Synthie-2703e12cc033a6e1b64e835e11da25e3,0,11,152,learned,11,145,1,144,52,348,1671,343,2000,144,1,0.20822,1e-06,,,0.05154,144,1,1,0.22244,0,,,,,,,0,,,,0.41986,,,,2.9987,,0.026454,,0.3775,,0,,144,0,0,144,0,0,1,1,0,"{""1"": [1455, 1997], ""2"": [10, 44], ""4"": [62, 104], ""8"": [7, 34], ""16"": [5, 34], ""32"": [1, 15]}","{""remove"": 0.9, ""swap"": 0.05, ""add"": 0.05}","[0, 0, 214, 0, 0, 106, 1221]"
Synthie-2703e12cc033a6e1b64e835e11da25e3,0,12,158,learned,12,146,1,160,30.84,348,1817,343,2000,145,1,0.18605,1e-06,,,0.041654,145,1,1,0.24684,0,,,,,,,0,,,,0.41917,,,,3.5919,,0.024052,,0.53135,,0,,160,0,0,145,0,0,1,1,0,"{""1"": [1600, 2142], ""2"": [10, 44], ""4"": [62, 104], ""8"": [7, 34], ""16"": [5, 34], ""32"": [1, 15]}","{""remove"": 0.9, ""swap"": 0.05, ""add"": 0.05}","[0, 0, 229, 0, 0, 106, 1351]"
Synthie-2703e12cc033a6e1b64e835e11da25e3,0,13,178,learned,13,147,147,3129,97.88,496,1835,493,2000,297,5.2801e-06,1.2931,6.9442e-05,,,0.45066,0,,,,300,4.3376e-06,0.05253,5.79e-05,,,0.0042912,0,,,,0.81959,0.12385,,,4.671,0.12935,0.033361,0.038622,0.30006,0.24448,,,1029,1050,1050,0,0,0,,0,10,"{""1"": [1600, 2289], ""2"": [10, 44], ""4"": [62, 104], ""8"": [7, 34], ""16"": [5, 34], ""32"": [1, 15]}","{""remove"": 0.9, ""swap"": 0.05, ""add"": 0.05}","[0, 0, 229, 0, 0, 106, 1351]"
Synthie-2703e12cc033a6e1b64e835e11da25e3,0,14,192,learned,14,143,3,528,14.31,500,1996,493,2000,177,0.85208,0.53783,0.41908,-0.28334,0.60656,0.14043,140,1.2429,1,0.19726,0,,,,,,,0,,,,0.54872,,0.99433,,7.1995,,0.025326,,0.29505,,,,528,0,0,140,0,0,1,1,12,"{""1"": [1740, 2466], ""2"": [10, 44], ""4"": [62, 104], ""8"": [7, 34], ""16"": [5, 34], ""32"": [1, 15]}","{""remove"": 0.9, ""swap"": 0.05, ""add"": 0.05}","[0, 0, 358, 0, 0, 106, 1362]"
Synthie-2703e12cc033a6e1b64e835e11da25e3,0,15,195,learned,15,232,2,377,20.25,500,2239,493,2000,251,0.94417,0.28327,0.21532,-0.31554,0.69979,0.062512,230,1.0826,1,0.2512,0,,,,,,,0,,,,0.48907,,0.89526,,13.803,,0.025097,,0.17402,,0,,377,0,0,230,0,0,1,1,8,"{""1"": [1970, 2717], ""2"": [10, 44], ""4"": [62, 104], ""8"": [7, 34], ""16"": [5, 34], ""32"": [1, 15]}","{""remove"": 0.9, ""swap"": 0.05, ""add"": 0.05}","[0, 0, 358, 0, 0, 106, 1592]"
Synthie-2703e12cc033a6e1b64e835e11da25e3,0,16,210,learned,16,149,1,969,7.91,500,2335,493,2000,192,0.41665,1.3734,0.67919,-1.0221,0.22245,0.45611,75,1.1867,1,0.24219,3,0.62376,1.657,0.66219,,1,0.3694,1,3,3,,0.54651,,0.85183,,5.5328,,0.030395,,0.25312,0.25067,,,953,16,0,74,1,0,1,1,0,"{""1"": [2044, 2906], ""2"": [10, 44], ""4"": [62, 104], ""8"": [7, 34], ""16"": [5, 34], ""32"": [1, 15]}","{""remove"": 0.821, ""swap"": 0.129, ""add"": 0.05}","[0, 0, 433, 0, 0, 106, 1592]"
Synthie-2703e12cc033a6e1b64e835e11da25e3,0,17,211,learned,17,234,1,242,7.8,500,2570,493,2000,234,0.99782,0.30237,0.015534,-18.464,0.7382,0.083087,233,1.0043,1,0.20443,0,,,,,,,0,,,,0.49173,,0.47598,,3.2064,,0.024814,,0.32014,,0,,242,0,0,233,0,0,1,1,0,"{""1"": [2277, 3140], ""2"": [10, 44], ""4"": [62, 104], ""8"": [7, 34], ""16"": [5, 34], ""32"": [1, 15]}","{""remove"": 0.869, ""swap"": 0.081, ""add"": 0.05}","[0, 0, 435, 0, 0, 106, 1823]"
Synthie-2703e12cc033a6e1b64e835e11da25e3,0,18,212,learned,18,151,4,3618,25.7,608,2666,601,2000,449,0.17722,0.96303,0.46716,-1.0615,0.63054,0.30879,73,1.1233,1,0.18765,337,0.022227,0.11701,0.10658,-0.097867,0.66964,0.0057816,1,1,1,,0.51825,0.13095,1.0838,,6.3445,0.12646,0.023391,0.034894,0.2533,0.24749,0,,1264,1514,840,72,1,0,1,1,10,"{""1"": [2349, 3372], ""2"": [10, 44], ""4"": [62, 104], ""8"": [7, 34], ""16"": [5, 34], ""32"": [1, 15]}","{""remove"": 0.715, ""swap"": 0.235, ""add"": 0.05}","[0, 0, 508, 0, 0, 106, 1823]"
Synthie-2703e12cc033a6e1b64e835e11da25e3,0,19,214,learned,19,140,140,6034,89.15,760,2692,751,2000,712,1.6252e-05,0.831,0.00019547,,,0.2952,0,,,,722,1.6095e-05,0.031725,0.00019373,,,0.0011268,0,,,,0.61495,0.11201,,,3.9997,0.11326,0.032856,0.03327,0.23349,0.27222,,,980,4004,1050,0,0,0,,0,10,"{""1"": [2349, 3512], ""2"": [10, 44], ""4"": [62, 104], ""8"": [7, 34], ""16"": [5, 34], ""32"": [1, 15]}","{""remove"": 0.847, ""swap"": 0.103, ""add"": 0.05}","[0, 0, 508, 0, 0, 106, 1823]"
Synthie-2703e12cc033a6e1b64e835e11da25e3,0,20,215,learned,20,231,1,768,22.69,764,2942,751,2000,298,0.83818,0.53629,0.44268,-0.21146,0.57845,0.13203,230,1.2957,1,0.18118,0,,,,,,,0,,,,0.53401,,1.4632,,6.9979,,0.024481,,0.42058,,0,,768,0,0,230,0,0,1,1,0,"{""1"": [2579, 3810], ""2"": [10, 44], ""4"": [62, 104], ""8"": [7, 34], ""16"": [5, 34], ""32"": [1, 15]}","{""remove"": 0.895, ""swap"": 0.055, ""add"": 0.05}","[0, 0, 570, 0, 0, 106, 1991]"
Synthie-2703e12cc033a6e1b64e835e11da25e3,0,21,220,learned,21,155,1,834,5.24,764,3033,751,2000,186,0.4259,1.1129,0.68213,-0.63145,0.27932,0.4007,78,1.0256,1,0.18272,1,1,3.8185,1e-06,,,0.95656,1,1,1,,0.53413,,0.87664,,4.1159,,0.025676,,0.28856,0.24758,0,,833,1,0,77,1,0,1,1,0,"{""1"": [2656, 3995], ""2"": [10, 44], ""4"": [62, 104], ""8"": [7, 34], ""16"": [5, 34], ""32"": [1, 15]}","{""remove"": 0.581, ""swap"": 0.369, ""add"": 0.05}","[0, 0, 570, 0, 0, 106, 2069]"
Synthie-2703e12cc033a6e1b64e835e11da25e3,0,22,239,learned,22,227,1,226,6.58,764,3260,751,2000,226,1,0.31832,1e-06,,,0.090013,226,1,1,0.19978,0,,,,,,,0,,,,0.49323,,,,4.2615,,0.023266,,0.38249,,0,,226,0,0,226,0,0,1,1,0,"{""1"": [2882, 4221], ""2"": [10, 44], ""4"": [62, 104], ""8"": [7, 34], ""16"": [5, 34], ""32"": [1, 15]}","{""remove"": 0.581, ""swap"": 0.369, ""add"": 0.05}","[0, 0, 570, 0, 0, 106, 2295]"
Synthie-2703e12cc033a6e1b64e835e11da25e3,0,23,242,learned,23,155,1,154,5.04,764,3415,751,2000,154,1,0.39801,1e-06,,,0.11962,154,1,1,0.20443,0,,,,,,,0,,,,0.5,,,,4.3162,,0.023262,,0.35339,,0,,154,0,0,154,0,0,1,1,0,"{""1"": [3036, 4375], ""2"": [10, 44], ""4"": [62, 104], ""8"": [7, 34], ""16"": [5, 34], ""32"": [1, 15]}","{""remove"": 0.581, ""swap"": 0.369, ""add"": 0.05}","[0, 0, 570, 0, 0, 106, 2449]"
Synthie-2703e12cc033a6e1b64e835e11da25e3,0,24,252,learned,24,145,1,965,7.87,764,3502,751,2000,190,0.3984,1.1219,0.67236,-0.66854,0.33368,0.39484,73,1.1644,1,0.18048,9,0.26759,0.7962,0.58085,-0.37076,0.5,0.12478,1,9,9,,0.51903,,0.81189,,4.667,,0.025296,,0.29932,0.25501,,,907,58,0,72,1,0,1,1,0,"{""1"": [3108, 4556], ""2"": [10, 44], ""4"": [62, 104], ""8"": [7, 34], ""16"": [5, 34], ""32"": [1, 15]}","{""remove"": 0.505, ""swap"": 0.445, ""add"": 0.05}","[0, 0, 643, 0, 0, 106, 2449]"
Synthie-2703e12cc033a6e1b64e835e11da25e3,0,25,253,learned,25,223,1,383,10.7,764,3725,751,2000,222,1,0.36878,1e-06,,,0.11095,222,1,1,0.23573,0,,,,,,,0,,,,0.52916,,,,5.2007,,0.0239,,0.22176,,0,,383,0,0,222,0,0,1,1,0,"{""1"": [3330, 4778], ""2"": [10, 44], ""4"": [62, 104], ""8"": [7, 34], ""16"": [5, 34], ""32"": [1, 15]}","{""remove"": 0.46, ""swap"": 0.49, ""add"": 0.05}","[0, 0, 662, 0, 0, 177, 2581]"
Synthie-2703e12cc033a6e1b64e835e11da25e3,0,26,254,learned,26,147,1,146,4.33,764,3872,751,2000,146,1,0.2662,1e-06,,,0.068378,146,1,1,0.23101,0,,,,,,,0,,,,0.50944,,,,4.622,,0.023199,,0.20541,,0,,146,0,0,146,0,0,1,1,0,"{""1"": [3476, 4924], ""2"": [10, 44], ""4"": [62, 104], ""8"": [7, 34], ""16"": [5, 34], ""32"": [1, 15]}","{""remove"": 0.644, ""swap"": 0.306, ""add"": 0.05}","[0, 0, 662, 0, 0, 177, 2727]"
Synthie-2703e12cc033a6e1b64e835e11da25e3,0,27,261,learned,27,234,7,4245,34.88,836,4148,826,2000,726,0.36585,0.39135,0.65671,0.40407,0.8918,0.079956,227,1.4802,1,0.16884,458,0.007068,0.068095,0.042045,-0.61958,,0.0027197,0,,,,0.4903,0.11298,1.3177,,8.5622,0.082107,0.02972,0.031243,0.25882,0.24762,0,,1039,2681,525,227,0,0,1,1,5,"{""1"": [3703, 5267], ""2"": [10, 44], ""4"": [62, 104], ""8"": [7, 34], ""16"": [5, 34], ""32"": [1, 15]}","{""remove"": 0.68, ""swap"": 0.27, ""add"": 0.05}","[0, 0, 662, 0, 0, 177, 2954]"
Synthie-2703e12cc033a6e1b64e835e11da25e3,0,28,263,learned,28,225,1,224,19.82,840,4373,826,2000,224,1,0.33365,1e-06,,,0.096958,224,1,1,0.26432,0,,,,,,,0,,,,0.51389,,,,4.8106,,0.02429,,0.15627,,0,,224,0,0,224,0,0,1,1,0,"{""1"": [3927, 5491], ""2"": [10, 44], ""4"": [62, 104], ""8"": [7, 34], ""16"": [5, 34], ""32"": [1, 15]}","{""remove"": 0.82, ""swap"": 0.13, ""add"": 0.05}","[0, 0, 662, 0, 0, 177, 3178]"
Synthie-2703e12cc033a6e1b64e835e11da25e3,0,29,267,learned,29,234,2,2483,48.02,866,4534,845,2000,419,0.31663,1.1255,0.62431,-0.80275,0.41982,0.3642,114,1.5175,1,0.1381,93,0.082321,0.2947,0.2844,-0.036217,0.47802,0.028389,2,9.5,14,0.14258,0.58308,0.15651,1.2213,1.9512,18.859,0.96382,0.025656,0.092775,0.2904,0.25621,0,,1843,518,122,114,0,2,1,1,8,"{""1"": [4041, 5836], ""2"": [10, 44], ""4"": [62, 104], ""8"": [7, 34], ""16"": [5, 34], ""32"": [1, 15]}","{""remove"": 0.69, ""swap"": 0.225, ""add"": 0.085}","[0, 0, 775, 0, 0, 177, 3181]"
Synthie-2703e12cc033a6e1b64e835e11da25e3,0,30,279,learned,30,232,1,235,19.14,866,4766,845,2000,231,1,0.34588,1e-06,,,0.10234,231,1,1,0.20808,0,,,,,,,0,,,,0.52035,,,,4.7629,,0.024052,,0.38208,,0,,235,0,0,231,0,0,1,1,0,"{""1"": [4272, 6067], ""2"": [10, 44], ""4"": [62, 104], ""8"": [7, 34], ""16"": [5, 34], ""32"": [1, 15]}","{""remove"": 0.851, ""swap"": 0.091, ""add"": 0.058}","[0, 0, 779, 0, 0, 177, 3408]"
Synthie-2703e12cc033a6e1b64e835e11da25e3,0,31,312,learned,31,151,1,278,6,866,4917,845,2000,150,1,0.2482,1e-06,,,0.063227,150,1,1,0.23497,0,,,,,,,0,,,,0.46651,,,,4.1733,,0.022952,,0.47379,,0,,278,0,0,150,0,0,1,1,0,"{""1"": [4422, 6217], ""2"": [10, 44], ""4"": [62, 104], ""8"": [7, 34], ""16"": [5, 34], ""32"": [1, 15]}","{""remove"": 0.851, ""swap"": 0.091, ""add"": 0.058}","[0, 0, 907, 0, 0, 177, 3430]"
Synthie-2703e12cc033a6e1b64e835e11da25e3,0,32,315,learned,32,237,1,260,7.96,866,5154,845,2000,236,1,0.29411,1e-06,,,0.087908,236,1,1,0.25293,0,,,,,,,0,,,,0.52644,,,,5.3937,,0.023171,,0.31443,,0,,260,0,0,236,0,0,1,1,0,"{""1"": [4658, 6453], ""2"": [10, 44], ""4"": [62, 104], ""8"": [7, 34], ""16"": [5, 34], ""32"": [1, 15]}","{""remove"": 0.851, ""swap"": 0.091, ""add"": 0.058}","[0, 0, 931, 0, 0, 177, 3642]"
Synthie-2703e12cc033a6e1b64e835e11da25e3,0,33,342,learned,33,153,1,281,5.74,866,5309,845,2000,154,0.99274,0.32022,0.042992,-6.4484,0.41447,0.08696,152,1.0132,1,0.24142,0,,,,,,,0,,,,0.4687,,0.81594,,4.8683,,0.02471,,0.23961,,0,,281,0,0,152,0,0,1,1,0,"{""1"": [4810, 6607], ""2"": [10, 44], ""4"": [62, 104], ""8"": [7, 34], ""16"": [5, 34], ""32"": [1, 15]}","{""remove"": 0.809, ""swap"": 0.126, ""add"": 0.065}","[0, 0, 1046, 0, 0, 177, 3679]"
Synthie-2703e12cc033a6e1b64e835e11da25e3,0,34,347,learned,34,227,1,401,7.37,866,5542,845,2000,232,0.98099,0.25499,0.094166,-1.7079,0.54572,0.064278,226,1.0265,1,0.24234,0,,,,,,,0,,,,0.49039,,0.66405,,5.5786,,0.024813,,0.24884,,0,,401,0,0,226,0,0,1,1,0,"{""1"": [5036, 6839], ""2"": [10, 44], ""4"": [62, 104], ""8"": [7, 34], ""16"": [5, 34], ""32"": [1, 15]}","{""remove"": 0.851, ""swap"": 0.091, ""add"": 0.058}","[0, 0, 1177, 0, 0, 178, 3773]"
Synthie-2703e12cc033a6e1b64e835e11da25e3,0,35,351,learned,35,233,1,287,7.38,866,5776,845,2000,234,0.99515,0.2983,0.030692,-8.719,0.375,0.083512,232,1.0086,1,0.26503,0,,,,,,,0,,,,0.49292,,0.91745,,5.3671,,0.024141,,0.39391,,0,,287,0,0,232,0,0,1,1,0,"{""1"": [5268, 7073], ""2"": [10, 44], ""4"": [62, 104], ""8"": [7, 34], ""16"": [5, 34], ""32"": [1, 15]}","{""remove"": 0.81, ""swap"": 0.125, ""add"": 0.065}","[0, 0, 1218, 0, 0, 178, 3964]"
Synthie-2703e12cc033a6e1b64e835e11da25e3,0,36,360,learned,36,154,2,388,7.31,866,5938,845,2000,164,0.94668,0.39792,0.20819,-0.91139,0.71053,0.11348,152,1.0658,1,0.26909,0,,,,,,,0,,,,0.46478,,0.97901,,10.296,,0.026636,,0.30143,,0,,388,0,0,152,0,0,1,1,8,"{""1"": [5420, 7237], ""2"": [10, 44], ""4"": [62, 104], ""8"": [7, 34], ""16"": [5, 34], ""32"": [1, 15]}","{""remove"": 0.732, ""swap"": 0.189, ""add"": 0.078}","[0, 0, 1370, 0, 0, 178, 3964]"
Synthie-2703e12cc033a6e1b64e835e11da25e3,0,37,366,learned,37,154,1,184,4.65,866,6092,845,2000,153,1,0.32343,1e-06,,,0.092708,153,1,1,0.27702,0,,,,,,,0,,,,0.47053,,,,5.3534,,0.026563,,0.38228,,0,,184,0,0,153,0,0,1,1,0,"{""1"": [5573, 7390], ""2"": [10, 44], ""4"": [62, 104], ""8"": [7, 34], ""16"": [5, 34], ""32"": [1, 15]}","{""remove"": 0.806, ""swap"": 0.128, ""add"": 0.066}","[0, 0, 1399, 0, 0, 179, 4087]"
Synthie-2703e12cc033a6e1b64e835e11da25e3,0,38,382,learned,38,146,1,145,11.73,866,6238,845,2000,145,1,0.39912,1e-06,,,0.12444,145,1,1,0.27842,0,,,,,,,0,,,,0.48786,,,,5.5435,,0.025015,,0.21654,,0,,145,0,0,145,0,0,1,1,0,"{""1"": [5718, 7535], ""2"": [10, 44], ""4"": [62, 104], ""8"": [7, 34], ""16"": [5, 34], ""32"": [1, 15]}","{""remove"": 0.851, ""swap"": 0.091, ""add"": 0.058}","[0, 0, 1399, 0, 0, 179, 4232]"
Synthie-2703e12cc033a6e1b64e835e11da25e3,0,39,387,learned,39,234,1,233,24.48,866,6472,845,2000,233,1,0.26197,1e-06,,,0.073114,233,1,1,0.28061,0,,,,,,,0,,,,0.52026,,,,6.0823,,0.02483,,0.29649,,0,,233,0,0,233,0,0,1,1,0,"{""1"": [5951, 7768], ""2"": [10, 44], ""4"": [62, 104], ""8"": [7, 34], ""16"": [5, 34], ""32"": [1, 15]}","{""remove"": 0.851, ""swap"": 0.091, ""add"": 0.058}","[0, 0, 1399, 0, 0, 179, 4465]"
Synthie-2703e12cc033a6e1b64e835e11da25e3,0,40,396,learned,40,147,1,780,25.73,866,6644,846,2000,215,0.75538,0.46183,0.55635,0.16989,0.78015,0.09224,145,1.4552,1,0.2295,16,0.092576,0.37649,0.30846,-0.22054,0.2,0.076125,1,16,16,,0.50727,,1.1272,,18.276,,0.026204,,0.29196,0.2519,0,,673,107,0,144,1,0,1,1,0,"{""1"": [6095, 7967], ""2"": [10, 44], ""4"": [62, 104], ""8"": [7, 34], ""16"": [5, 34], ""32"": [1, 15]}","{""remove"": 0.718, ""swap"": 0.196, ""add"": 0.086}","[0, 0, 1544, 0, 0, 179, 4465]"
Synthie-2703e12cc033a6e1b64e835e11da25e3,1,1,4,learned,41,153,5,3489,26.53,954,6743,934,2000,411,0.19938,0.62124,0.49954,-0.24361,0.77182,0.18754,73,2.1781,1,0.18251,367,0.013974,0.10394,0.073554,-0.41309,0.8224,0.008302,1,71,71,,0.48413,0.1526,0.94135,,14.405,0.21765,0.028156,0.049746,0.30728,0.27609,,,926,1513,1050,72,1,0,1,1,11,"{""1"": [72, 194]}","{""remove"": 0.898, ""swap"": 0.051, ""add"": 0.051}","[73, 0, 0, 0, 0, 0, 0]"
Synthie-2703e12cc033a6e1b64e835e11da25e3,1,2,12,learned,42,145,1,141,2.28,958,6814,934,2000,70,1,0.25262,1e-06,,,0.064933,70,1,1,0.22665,0,,,,,,,0,,,,0.48265,,,,6.6313,,0.025085,,0.4655,,0,,141,0,0,70,0,0,2.0571,8,0,"{""1"": [122, 244], ""2"": [7, 7], ""4"": [6, 6], ""8"": [7, 7]}","{""remove"": 0.898, ""swap"": 0.051, ""add"": 0.051}","[73, 0, 70, 0, 0, 0, 0]"
Synthie-2703e12cc033a6e1b64e835e11da25e3,1,3,38,learned,43,155,1,28,0.46,958,6827,934,2000,12,0.87071,0.53993,0.38504,-0.40227,0.6,0.15981,10,1.2,1,0.12297,0,,,,,,,0,,,,0.50478,,3.4088,,36.711,,0.028399,,0.30957,,,,28,0,0,10,0,0,15.4,32,0,"{""1"": [122, 244], ""2"": [8, 8], ""4"": [6, 6], ""8"": [8, 8], ""16"": [7, 8], ""32"": [1, 2]}","{""remove"": 0.899, ""swap"": 0.051, ""add"": 0.051}","[73, 0, 80, 0, 0, 0, 0]"
Synthie-2703e12cc033a6e1b64e835e11da25e3,1,4,46,learned,44,146,1,1607,12.71,975,6898,947,2000,260,0.23072,1.0018,0.54015,-0.85468,0.3827,0.35846,56,1.0357,1,0.19441,28,0.1814,0.53453,0.47351,-0.12888,0.55556,0.047626,1,13,13,0.047152,0.52319,0.22734,0.75561,19.606,4.8465,2.0832,0.029052,0.10985,0.35497,0.26011,,,1411,105,91,56,0,1,1,1,0,"{""1"": [178, 405], ""2"": [8, 32], ""4"": [6, 18], ""8"": [8, 32], ""16"": [7, 20], ""32"": [1, 14]}","{""remove"": 0.897, ""swap"": 0.05, ""add"": 0.053}","[73, 0, 120, 0, 0, 0, 17]"
Synthie-2703e12cc033a6e1b64e835e11da25e3,1,5,51,learned,45,227,1,764,6,983,6998,955,2000,157,0.65893,0.56889,0.64175,0.11353,0.75232,0.13573,90,1.2889,1,0.23498,38,0.20211,0.58452,0.50331,-0.16135,0.10811,0.036199,1,6,6,,0.67505,0.21404,3.2684,,45.097,0.27015,0.029091,0.10599,0.28451,0.29145,,,498,147,119,89,1,0,2.5056,8,1,"{""1"": [229, 464], ""2"": [24, 57], ""4"": [15, 41], ""8"": [21, 61], ""16"": [7, 20], ""32"": [1, 14]}","{""remove"": 0.829, ""swap"": 0.11, ""add"": 0.061}","[73, 1, 171, 0, 0, 3, 52]"
Synthie-2703e12cc033a6e1b64e835e11da25e3,1,6,67,learned,46,237,1,46,6.22,987,7045,955,2000,46,1,0.24701,1e-06,,,0.061296,46,1,1,0.25503,0,,,,,,,0,,,,0.58479,,,,9.3393,,0.026614,,0.31454,,0,,46,0,0,46,0,0,5.1304,16,0,"{""1"": [235, 470], ""2"": [33, 66], ""4"": [26, 52], ""8"": [40, 80], ""16"": [8, 21], ""32"": [1, 14]}","{""remove"": 0.886, ""swap"": 0.062, ""add"": 0.052}","[73, 1, 217, 0, 0, 3, 52]"
Synthie-2703e12cc033a6e1b64e835e11da25e3,1,7,79,learned,47,217,1,1794,43.8,987,7172,955,2000,331,0.33479,1.3142,0.63752,-1.0615,0.26411,0.46452,109,1,1,0.19593,1,1,3.2603,1e-06,,,0.92472,1,1,1,,0.5354,,,,4.8694,,0.02574,,0.19764,0.28972,,,1791,3,0,108,1,0,1,1,0,"{""1"": [343, 729], ""2"": [33, 89], ""4"": [26, 64], ""8"": [40, 104], ""16"": [8, 33], ""32"": [1, 14]}","{""remove"": 0.646, ""swap"": 0.301, ""add"": 0.053}","[73, 1, 217, 0, 0, 3, 161]"
Synthie-2703e12cc033a6e1b64e835e11da25e3,1,8,88,learned,48,151,9,5164,65.14,1039,7280,1010,2000,701,0.11388,0.46146,0.35456,-0.30151,0.79179,0.13281,68,2.2647,1,0.14794,585,0.0025954,0.078581,0.018045,-3.3546,0.79966,0.0092991,1,50,50,,0.50323,0.1792,1.025,,11.753,0.26167,0.027489,0.077569,0.27538,0.334,0,0,1075,3424,665,67,1,0,1,1,6,"{""1"": [410, 940], ""2"": [33, 89], ""4"": [26, 64], ""8"": [40, 104], ""16"": [8, 33], ""32"": [1, 14]}","{""remove"": 0.785, ""swap"": 0.163, ""add"": 0.052}","[73, 1, 285, 0, 0, 3, 161]"
Synthie-2703e12cc033a6e1b64e835e11da25e3,1,9,97,learned,49,232,4,2299,19.12,1119,7462,1088,2000,362,0.52067,0.3865,0.69229,0.44171,0.95653,0.061565,165,1.3091,1,0.19955,235,0.10352,0.36136,0.33275,-0.085995,,0.0050021,0,,,,0.5645,0.17177,1.6622,,44.245,0.17733,0.025518,0.062998,0.28687,0.28749,0,,654,1015,630,165,0,0,1.3818,4,6,"{""1"": [536, 1074], ""2"": [60, 125], ""4"": [38, 111], ""8"": [40, 104], ""16"": [8, 33], ""32"": [1, 14]}","{""remove"": 0.872, ""swap"": 0.078, ""add"": 0.05}","[73, 1, 285, 0, 0, 3, 326]"
Synthie-2703e12cc033a6e1b64e835e11da25e3,1,10,104,learned,50,147,3,1279,12.19,1123,7623,1088,2000,284,0.49139,0.83462,0.693,-0.20435,0.54662,0.26205,125,1.44,1,0.20999,20,0.050136,0.18867,0.19892,0.051531,0.78947,0.046656,1,20,20,,0.57319,,1.0043,,13.864,,0.029982,,0.36691,0.28916,0,,1144,135,0,124,1,0,1,1,12,"{""1"": [660, 1338], ""2"": [60, 125], ""4"": [38, 111], ""8"": [40, 104], ""16"": [8, 33], ""32"": [1, 14]}","{""remove"": 0.888, ""swap"": 0.062, ""add"": 0.05}","[73, 1, 410, 0, 0, 3, 326]"
Synthie-2703e12cc033a6e1b64e835e11da25e3,1,11,110,learned,51,156,3,1872,53.7,1151,7783,1116,2000,350,0.39387,0.82521,0.67045,-0.23083,0.62149,0.28134,132,1.2121,1,0.22877,82,0.034661,0.15998,0.15059,-0.062355,0.53086,0.017399,1,16,16,,0.52861,0.21701,0.92345,,9.6641,0.37473,0.027289,0.09404,0.18721,0.4444,,,1304,358,210,131,1,0,1,1,14,"{""1"": [791, 1636], ""2"": [60, 125], ""4"": [38, 111], ""8"": [40, 104], ""16"": [8, 33], ""32"": [1, 14]}","{""remove"": 0.887, ""swap"": 0.063, ""add"": 0.05}","[73, 2, 541, 0, 0, 3, 326]"
Synthie-2703e12cc033a6e1b64e835e11da25e3,1,12,111,learned,52,234,1,150,8.01,1155,7883,1116,2000,99,1,0.27872,1e-06,,,0.07449,99,1,1,0.22407,0,,,,,,,0,,,,0.52196,,,,6.573,,0.025662,,0.24937,,0,,150,0,0,99,0,0,2.3535,8,0,"{""1"": [846, 1691], ""2"": [65, 130], ""4"": [74, 147], ""8"": [43, 107], ""16"": [8, 33], ""32"": [1, 14]}","{""remove"": 0.893, ""swap"": 0.057, ""add"": 0.05}","[73, 2, 589, 0, 0, 3, 377]"
Synthie-2703e12cc033a6e1b64e835e11da25e3,1,13,126,learned,53,148,1,27,2.03,1155,7905,1116,2000,21,0.95901,0.64085,0.17108,-2.746,0,0.21645,20,1.05,1,0.19011,0,,,,,,,0,,,,0.5765,,11.883,,10.128,,0.031742,,0.27478,,,,27,0,0,20,0,0,7.35,8,0,"{""1"": [847, 1692], ""2"": [66, 131], ""4"": [74, 147], ""8"": [61, 126], ""16"": [8, 33], ""32"": [1, 14]}","{""remove"": 0.893, ""swap"": 0.057, ""add"": 0.05}","[73, 2, 609, 0, 0, 3, 377]"
Synthie-2703e12cc033a6e1b64e835e11da25e3,1,14,157,learned,54,234,1,30,1.33,1155,7936,1116,2000,30,1,0.31344,1e-06,,,0.081841,30,1,1,0.23562,0,,,,,,,0,,,,0.50781,,,,5.9567,,0.029198,,0.28538,,,,30,0,0,30,0,0,7.7667,8,0,"{""1"": [848, 1693], ""2"": [66, 131], ""4"": [74, 147], ""8"": [90, 155], ""16"": [8, 33], ""32"": [1, 14]}","{""remove"": 0.893, ""swap"": 0.057, ""add"": 0.05}","[73, 2, 639, 0, 0, 3, 377]"
Synthie-2703e12cc033a6e1b64e835e11da25e3,1,15,159,learned,55,225,1,29,0.99,1155,7965,1116,2000,28,1,0.29386,1e-06,,,0.073084,28,1,1,0.2058,0,,,,,,,0,,,,0.50147,,,,5.93,,0.028834,,0.2046,,,,29,0,0,28,0,0,8,8,0,"{""1"": [848, 1693], ""2"": [66, 131], ""4"": [74, 147], ""8"": [118, 183], ""16"": [8, 33], ""32"": [1, 14]}","{""remove"": 0.893, ""swap"": 0.057, ""add"": 0.05}","[73, 2, 666, 0, 0, 3, 378]"
Synthie-2703e12cc033a6e1b64e835e11da25e3,1,16,168,learned,56,147,2,134,1.61,1155,7988,1116,2000,35,0.66283,0.56254,0.63914,0.11985,0.89803,0.1021,19,1.8421,1,0.18095,0,,,,,,,0,,,,0.52185,,3.3909,,30.71,,0.029165,,0.27562,,,,134,0,0,19,0,0,7.6316,8,8,"{""1"": [849, 1696], ""2"": [66, 134], ""4"": [74, 147], ""8"": [136, 212], ""16"": [8, 33], ""32"": [1, 14]}","{""remove"": 0.883, ""swap"": 0.067, ""add"": 0.05}","[73, 2, 682, 0, 0, 3, 381]"
Synthie-2703e12cc033a6e1b64e835e11da25e3,1,17,174,learned,57,150,1,21,0.8,1155,8010,1116,2000,21,1,0.23853,1e-06,,,0.055576,21,1,1,0.19696,0,,,,,,,0,,,,0.47934,,,,5.5855,,0.027854,,0.16442,,0,,21,0,0,21,0,0,7.0952,8,0,"{""1"": [850, 1697], ""2"": [68, 136], ""4"": [74, 147], ""8"": [154, 230], ""16"": [8, 33], ""32"": [1, 14]}","{""remove"": 0.893, ""swap"": 0.057, ""add"": 0.05}","[73, 2, 703, 0, 0, 3, 381]"
Synthie-2703e12cc033a6e1b64e835e11da25e3,1,18,176,learned,58,148,13,5368,38.05,1295,8117,1258,2000,595,0.13635,0.80027,0.39828,-1.0093,0.62979,0.26427,62,1.8871,1,0.18593,485,0.0065141,0.10641,0.039283,-1.7088,0.60331,0.011962,1,15,15,,0.60981,0.20871,1.1289,,9.9221,0.33825,0.033903,0.058824,0.20631,0.26225,,0,1979,1814,1575,61,1,0,1,1,15,"{""1"": [911, 1972], ""2"": [68, 160], ""4"": [74, 171], ""8"": [154, 242], ""16"": [8, 33], ""32"": [1, 14]}","{""remove"": 0.899, ""swap"": 0.051, ""add"": 0.05}","[73, 2, 765, 0, 0, 3, 381]"
Synthie-2703e12cc033a6e1b64e835e11da25e3,1,19,181,learned,59,231,1,182,6.12,1299,8300,1258,2000,182,1,0.26229,1e-06,,,0.067399,182,1,1,0.23459,0,,,,,,,0,,,,0.56986,,,,7.2134,,0.023613,,0.25425,,0,,182,0,0,182,0,0,1.2637,4,0,"{""1"": [1061, 2122], ""2"": [92, 184], ""4"": [82, 179], ""8"": [154, 242], ""16"": [8, 33], ""32"": [1, 14]}","{""remove"": 0.9, ""swap"": 0.05, ""add"": 0.05}","[73, 2, 947, 0, 0, 3, 381]"
Synthie-2703e12cc033a6e1b64e835e11da25e3,1,20,189,learned,60,228,1,48,7.42,1299,8340,1258,2000,39,0.98529,0.32469,0.076668,-3.235,0.21053,0.081785,38,1.0263,1,0.22207,0,,,,,,,0,,,,0.51539,,5.4253,,8.4615,,0.025139,,0.30086,,,,48,0,0,38,0,0,5.9737,8,0,"{""1"": [1062, 2123], ""2"": [93, 185], ""4"": [98, 196], ""8"": [174, 262], ""16"": [8, 33], ""32"": [1, 14]}","{""remove"": 0.9, ""swap"": 0.05, ""add"": 0.05}","[73, 2, 982, 0, 0, 3, 384]"
Synthie-2703e12cc033a6e1b64e835e11da25e3,1,21,199,learned,61,232,232,4144,88.94,1431,8367,1390,2000,442,0.0017004,1.1795,0.012542,-93.039,,0.42108,0,,,,300,0.0020632,0.061399,0.014819,-3.1433,,0.0037031,0,,,,0.76678,0.15011,,,6.114,0.16158,0.030346,0.049941,0.27025,0.35209,,0,2044,1050,1050,0,0,0,,0,10,"{""1"": [1062, 2355], ""2"": [93, 209], ""4"": [98, 220], ""8"": [174, 274], ""16"": [8, 33], ""32"": [1, 14]}","{""remove"": 0.9, ""swap"": 0.05, ""add"": 0.05}","[73, 2, 982, 0, 0, 3, 384]"
Synthie-2703e12cc033a6e1b64e835e11da25e3,1,22,226,learned,62,148,1,161,5.68,1431,8517,1390,2000,149,0.99292,0.40865,0.042097,-8.7072,0.31973,0.12149,147,1.0136,1,0.19204,0,,,,,,,0,,,,0.58269,,0.79894,,5.455,,0.027821,,0.3524,,0,,161,0,0,147,0,0,1,1,0,"{""1"": [1209, 2504], ""2"": [93, 209], ""4"": [98, 220], ""8"": [174, 274], ""16"": [8, 33], ""32"": [1, 14]}","{""remove"": 0.9, ""swap"": 0.05, ""add"": 0.05}","[73, 2, 1129, 0, 0, 3, 384]"
Synthie-2703e12cc033a6e1b64e835e11da25e3,1,23,237,learned,63,227,1,266,5.49,1431,8651,1390,2000,133,1,0.29405,1e-06,,,0.080473,133,1,1,0.21629,0,,,,,,,0,,,,0.53427,,,,6.4016,,0.02759,,0.17209,,0,,266,0,0,133,0,0,1.6992,4,0,"{""1"": [1295, 2590], ""2"": [117, 233], ""4"": [121, 243], ""8"": [174, 274], ""16"": [8, 33], ""32"": [1, 14]}","{""remove"": 0.9, ""swap"": 0.05, ""add"": 0.05}","[73, 2, 1129, 0, 0, 3, 517]"
Synthie-2703e12cc033a6e1b64e835e11da25e3,1,24,247,learned,64,233,1,30,1.39,1431,8682,1390,2000,30,1,0.27585,1e-06,,,0.067039,30,1,1,0.19833,0,,,,,,,0,,,,0.52106,,,,6.1658,,0.029227,,0.44046,,,,30,0,0,30,0,0,7.7333,8,0,"{""1"": [1295, 2590], ""2"": [117, 233], ""4"": [123, 245], ""8"": [202, 302], ""16"": [8, 33], ""32"": [1, 14]}","{""remove"": 0.9, ""swap"": 0.05, ""add"": 0.05}","[73, 2, 1159, 0, 0, 3, 517]"
Synthie-2703e12cc033a6e1b64e835e11da25e3,1,25,264,learned,65,146,146,3542,25.25,1559,8701,1518,2000,356,0.022875,1.2809,0.10903,-10.749,,0.43867,0,,,,300,0.010083,0.08454,0.056383,-0.49938,,0.0035744,0,,,,1.0757,0.19283,,,10.271,0.45012,0.036508,0.061571,0.23447,0.29593,,,1442,1050,1050,0,0,0,,0,10,"{""1"": [1295, 2736], ""2"": [117, 257], ""4"": [123, 257], ""8"": [202, 326], ""16"": [8, 33], ""32"": [1, 14]}","{""remove"": 0.9, ""swap"": 0.05, ""add"": 0.05}","[73, 2, 1159, 0, 0, 3, 517]"
Synthie-2703e12cc033a6e1b64e835e11da25e3,1,26,266,learned,66,145,1,144,4.7,1559,8846,1518,2000,144,1,0.43314,1e-06,,,0.13408,144,1,1,0.26266,0,,,,,,,0,,,,0.58699,,,,5.5213,,0.027205,,0.27517,,0,,144,0,0,144,0,0,1,1,0,"{""1"": [1439, 2880], ""2"": [117, 257], ""4"": [123, 257], ""8"": [202, 326], ""16"": [8, 33], ""32"": [1, 14]}","{""remove"": 0.9, ""swap"": 0.05, ""add"": 0.05}","[73, 2, 1303, 0, 0, 3, 517]"
Synthie-2703e12cc033a6e1b64e835e11da25e3,1,27,280,learned,67,144,1,59,1.58,1559,8891,1518,2000,44,1,0.33165,1e-06,,,0.093337,44,1,1,0.2613,0,,,,,,,0,,,,0.60455,,,,7.2997,,0.026466,,0.18742,,,,59,0,0,44,0,0,3.25,8,0,"{""1"": [1442, 2883], ""2"": [141, 281], ""4"": [134, 268], ""8"": [208, 332], ""16"": [8, 33], ""32"": [1, 14]}","{""remove"": 0.9, ""swap"": 0.05, ""add"": 0.05}","[73, 2, 1342, 0, 0, 8, 517]"
Synthie-2703e12cc033a6e1b64e835e11da25e3,1,28,292,learned,68,147,147,3549,89.28,1683,8909,1644,2000,357,0.00036717,1.0116,0.0032713,,,0.37404,0,,,,300,0.00050456,0.066168,0.004335,,,0.006096,0,,,,0.73386,0.18971,,,7.1062,0.35141,0.03033,0.05698,0.25602,0.30325,,0,1449,1050,1050,0,0,0,,0,10,"{""1"": [1442, 3030], ""2"": [141, 305], ""4"": [134, 292], ""8"": [208, 344], ""16"": [8, 33], ""32"": [1, 14]}","{""remove"": 0.9, ""swap"": 0.05, ""add"": 0.05}","[73, 2, 1342, 0, 0, 8, 517]"
Synthie-2703e12cc033a6e1b64e835e11da25e3,1,29,294,learned,69,144,5,4503,36.43,1837,9010,1791,2000,446,0.17176,0.56903,0.45867,-0.24059,0.81985,0.18082,72,1.25,1,0.24784,455,0.012075,0.10769,0.06533,-0.64839,0.88521,0.014096,2,15,15,0.445,0.58558,0.18897,0.94568,12.007,12.133,0.45838,0.032432,0.048606,0.36052,0.34724,0,,1326,1470,1707,72,0,2,1,1,14,"{""1"": [1514, 3266], ""2"": [141, 305], ""4"": [134, 292], ""8"": [208, 344], ""16"": [8, 33], ""32"": [1, 14]}","{""remove"": 0.898, ""swap"": 0.05, ""add"": 0.052}","[128, 2, 1361, 0, 0, 8, 517]"
Synthie-2703e12cc033a6e1b64e835e11da25e3,1,30,297,learned,70,231,2,503,8.48,1841,9246,1791,2000,241,0.96963,0.39858,0.13603,-1.9302,0.79549,0.11061,229,1.0437,1,0.22617,0,,,,,,,0,,,,0.52602,,1.5016,,13.31,,0.028474,,0.27451,,0,,503,0,0,229,0,0,1,1,8,"{""1"": [1743, 3507], ""2"": [141, 305], ""4"": [134, 292], ""8"": [208, 344], ""16"": [8, 33], ""32"": [1, 14]}","{""remove"": 0.9, ""swap"": 0.05, ""add"": 0.05}","[128, 2, 1400, 0, 0, 8, 707]"
Synthie-2703e12cc033a6e1b64e835e11da25e3,1,31,299,learned,71,231,1,158,3.22,1841,9334,1791,2000,92,0.93266,0.39054,0.2467,-0.58305,0.48327,0.09966,83,1.1084,1,0.27339,0,,,,,,,0,,,,0.5513,,1.8477,,7.5247,,0.027529,,0.38747,,,,158,0,0,83,0,0,2.7711,8,0,"{""1"": [1765, 3529], ""2"": [167, 333], ""4"": [165, 330], ""8"": [212, 348], ""16"": [8, 33], ""32"": [1, 14]}","{""remove"": 0.9, ""swap"": 0.05, ""add"": 0.05}","[128, 2, 1471, 0, 0, 8, 719]"
Synthie-2703e12cc033a6e1b64e835e11da25e3,1,32,301,learned,72,232,3,2449,22.98,1857,9474,1805,2000,416,0.28506,1.2594,0.59767,-1.1072,0.35814,0.44386,114,1.0175,1,0.15665,46,0.034639,0.16434,0.15052,-0.091868,0.31111,0.022566,1,1,1,0.3284,0.5813,0.23284,0.82179,,5.217,0.52548,0.027426,0.086363,0.18793,0.25695,0,,2132,210,107,114,0,1,1,1,13,"{""1"": [1879, 3855], ""2"": [167, 357], ""4"": [165, 354], ""8"": [212, 360], ""16"": [8, 33], ""32"": [1, 14]}","{""remove"": 0.645, ""swap"": 0.05, ""add"": 0.305}","[128, 2, 1471, 0, 0, 8, 834]"
Synthie-2703e12cc033a6e1b64e835e11da25e3,1,33,304,learned,73,148,1,1343,33.82,1882,9576,1826,2000,217,0.42241,1.0936,0.68106,-0.60572,0.30108,0.36421,82,1.1585,1,0.21808,61,0.058611,0.23515,0.22313,-0.053865,0.36667,0.026267,1,46,46,0.055271,0.53523,0.28032,0.86675,21.471,6.4592,3.4035,0.028179,0.088705,0.53699,0.33683,,,922,105,316,82,0,1,1,1,0,"{""1"": [1961, 4057], ""2"": [167, 357], ""4"": [165, 354], ""8"": [212, 360], ""16"": [8, 33], ""32"": [1, 14]}","{""remove"": 0.811, ""swap"": 0.05, ""add"": 0.139}","[128, 2, 1554, 0, 0, 8, 834]"
Synthie-2703e12cc033a6e1b64e835e11da25e3,1,34,313,learned,74,231,1,320,22.11,1882,9758,1826,2000,185,0.97453,0.37157,0.11864,-2.1319,0.6709,0.10284,177,1.0452,1,0.26736,0,,,,,,,0,,,,0.56887,,1.0544,,5.881,,0.026541,,0.65739,,0,,320,0,0,177,0,0,1.2994,4,0,"{""1"": [2105, 4209], ""2"": [190, 380], ""4"": [175, 364], ""8"": [212, 360], ""16"": [8, 33], ""32"": [1, 14]}","{""remove"": 0.753, ""swap"": 0.05, ""add"": 0.197}","[128, 2, 1644, 0, 0, 8, 921]"
Synthie-2703e12cc033a6e1b64e835e11da25e3,1,35,317,learned,75,237,2,2575,18.6,1918,9904,1862,2000,411,0.29444,1.273,0.60608,-1.1004,0.34243,0.45083,117,1.0598,1,0.21003,88,0.098271,0.33125,0.32127,-0.031086,0.011494,0.019618,1,1,1,-0.1458,0.57986,0.23178,0.66909,,10.827,0.55931,0.027113,0.07905,0.22633,0.33531,0,,1965,210,400,117,0,1,1,1,9,"{""1"": [2222, 4542], ""2"": [190, 404], ""4"": [175, 388], ""8"": [212, 360], ""16"": [8, 33], ""32"": [1, 14]}","{""remove"": 0.528, ""swap"": 0.05, ""add"": 0.422}","[128, 2, 1762, 0, 0, 8, 921]"
Synthie-2703e12cc033a6e1b64e835e11da25e3,1,36,319,learned,76,233,1,223,5.34,1918,10062,1862,2000,157,0.94504,0.34943,0.21286,-0.64163,0.6731,0.09183,146,1.0753,1,0.21489,0,,,,,,,0,,,,0.59812,,1.9755,,37.474,,0.028205,,0.27086,,0,,223,0,0,146,0,0,1.589,4,0,"{""1"": [2320, 4640], ""2"": [219, 437], ""4"": [194, 414], ""8"": [212, 360], ""16"": [8, 33], ""32"": [1, 14]}","{""remove"": 0.629, ""swap"": 0.05, ""add"": 0.321}","[128, 2, 1908, 0, 0, 8, 921]"
Synthie-2703e12cc033a6e1b64e835e11da25e3,1,37,328,learned,77,147,1,33,1,1918,10095,1862,2000,32,1,0.28956,1e-06,,,0.074478,32,1,1,0.25358,0,,,,,,,0,,,,0.57173,,,,6.2141,,0.028321,,0.43303,,,,33,0,0,32,0,0,4.5625,8,0,"{""1"": [2320, 4640], ""2"": [220, 438], ""4"": [220, 440], ""8"": [217, 365], ""16"": [8, 33], ""32"": [1, 14]}","{""remove"": 0.673, ""swap"": 0.05, ""add"": 0.277}","[128, 2, 1939, 0, 0, 8, 922]"
Synthie-2703e12cc033a6e1b64e835e11da25e3,1,38,329,learned,78,240,1,32,1.13,1918,10128,1862,2000,32,1,0.3603,1e-06,,,0.10163,32,1,1,0.25071,0,,,,,,,0,,,,0.54014,,,,6.4561,,0.028915,,0.50304,,,,32,0,0,32,0,0,7.4688,8,0,"{""1"": [2321, 4641], ""2"": [221, 439], ""4"": [221, 441], ""8"": [246, 394], ""16"": [8, 33], ""32"": [1, 14]}","{""remove"": 0.679, ""swap"": 0.05, ""add"": 0.271}","[128, 2, 1971, 0, 0, 8, 922]"
Synthie-2703e12cc033a6e1b64e835e11da25e3,1,39,330,learned,79,154,3,1156,7.33,1950,10164,1892,2000,135,0.18773,0.47332,0.48291,0.019866,0.86591,0.12927,21,3.9524,2,0.04936,94,0.016284,0.1973,0.0832,-1.3715,0.54839,0.040372,1,1,1,0.011217,0.52388,0.238,2.8085,,50.185,0.45913,0.032627,0.0816,0.29545,0.52204,,,504,315,337,21,0,1,7.1429,8,15,"{""1"": [2323, 4646], ""2"": [221, 464], ""4"": [222, 457], ""8"": [264, 438], ""16"": [8, 33], ""32"": [1, 14]}","{""remove"": 0.131, ""swap"": 0.05, ""add"": 0.819}","[128, 2, 1993, 0, 0, 8, 922]"
Synthie-2703e12cc033a6e1b64e835e11da25e3,1,40,373,learned,80,228,1,1877,14.35,2011,10254,1946,2000,203,0.42384,0.52607,0.6815,0.22807,0.89098,0.11213,70,2.1714,1,0.171,162,0.10389,0.3604,0.33355,-0.0805,0.4,0.023295,2,16.5,32,-6.969e-05,0.60463,0.22688,1.9957,7.6338,29.93,1.2239,0.027794,0.070736,0.23833,0.25428,0,,753,315,809,70,0,2,3.2429,8,1,"{""1"": [2328, 4663], ""2"": [254, 514], ""4"": [247, 522], ""8"": [271, 464], ""16"": [8, 33], ""32"": [1, 14]}","{""remove"": 0.627, ""swap"": 0.05, ""add"": 0.323}","[128, 2, 1996, 0, 0, 8, 991]"
